<?xml version="1.0" encoding="UTF-8"?>
<project-private xmlns="http://www.netbeans.org/ns/project-private/1">
    <data xmlns="http://www.netbeans.org/ns/make-project-private/1">
        <activeConfTypeElem>1</activeConfTypeElem>
        <activeConfIndexElem>0</activeConfIndexElem>
    </data>
    <editor-bookmarks xmlns="http://www.netbeans.org/ns/editor-bookmarks/2" lastBookmarkId="1">
        <file>
            <url>Employee.cpp</url>
            <bookmark id="1">
                <name/>
                <line>9</line>
                <key/>
            </bookmark>
        </file>
    </editor-bookmarks>
    <open-files xmlns="http://www.netbeans.org/ns/projectui-open-files/2">
        <group>
            <file>file:/E:/School/Fall-2020-CSC17-A/Homework/Assignment%206/Ga9EdC15P1/main.cpp</file>
            <file>file:/E:/School/Fall-2020-CSC17-A/Homework/Assignment%206/Ga9EdC15P1/Employee.h</file>
            <file>file:/E:/School/Fall-2020-CSC17-A/Homework/Assignment%206/Ga9EdC15P1/Employee.cpp</file>
            <file>file:/E:/School/Fall-2020-CSC17-A/Homework/Assignment%206/Ga9EdC15P1/ProductionWorker.cpp</file>
            <file>file:/E:/School/Fall-2020-CSC17-A/Homework/Assignment%206/Ga9EdC15P1/ProductionWorker.h</file>
        </group>
    </open-files>
</project-private>
